Abbreviation,Meaning
(R),rectal
A,Asian
A&O,alert and oriented
a.p.,antepartum
A.S.D.,atrial septal defect
A.S.H.D.,arteriosclerotic heart disease
A.T.,anterior tibial
A2,aortic component of second heart sound
AA,Alcoholics Anonymous
AAA,abdominal aortic aneurysm
A-aDO2,alveolar arterial O2 difference of each
AAROM,active assisted range of motion
"AB, ab",abortion
abd,abdominal
abd.gr.,abdominal girth
ABG,arterial blood gas
ABLA,acute blood loss anemia
AC,acromo-clavicular
ac,before meals (ante cibum)
AC Joint,acromioclavicular joint
ACE Inhibitor or ACEI,Angiotensin ? converting Enzyme Inhibitors
ACL,anterior cruciate ligament
ACLS,Advanced Cardiac Life Support
ACS,Acute Coronary Syndrome
ACTH,adrenocorticotrophic hormone
activ.,activity
ACV,assist control ventilation
ad. lib.,as desired (ad libitum)
add.,addiction
ADH,antidiuretic hormone
ADHF,acute diastolic heart failure
ADL,activities of daily living
adm.,"admit, admission"
AE,Acute exacerbation
AED,Automated External Defibribilator
AET,alternating esotropia
A-F,aortofemoral
AFB,acid fast bacilli
A-Fib,atrial fibrillation
AFL,atrial flutter
AFO,ankle foot orthosis
AFV,amniotic fluid volume
AGA,appropriate for gestational age
AI,aortic insufficiency
AICD,Automated Implantable Cardioverter Defibrillator
AIDS,Acquired Immunodeficiency Syndrome
AJ,ankle jerk
AK,above knee
AKA,above knee amputation
AKI,Acute Kidney Injury
Alb,albumin
ALL,acute lymphocytic leukemia
ALP,Alkaline Phosphatase
ALT (SGPT),alanine aminotransferase
AM,"morning, before noon"
AMA,against medical advice
amb,ambulate
AMI,acute myocardial infarction
AML,acute myelocytic leukemia
AMML,acute myelomonocytic leukemia
amp.,ampule
AMS,Altered Mental Status
amt.,amount
ANA,antinuclear antibody
anast.,anastomosis
ant.,anterior
Ant. Tib.,anterior tibial
Ao,aorta
AOCD,Anemia of Chronic Disease
AP,anterior-posterior
Ap,apex/apical
APC,atrial premature contraction
APD,Automated Peritoneal Dialysis
APL,abductor pollicis longus
approx,approximately
aq.,aqueous
AR,aortic regurgitation
ARDS,adult respiratory distress syndrome
ARF,Acute renal failure
AROM,artificial rupture of membranes
art.,arterial
AS,aortic stenosis
ASA,Aspirin
ASAP,as soon as possible
ASCVD,arteriosclerotic cardiovascular disease
ASHF,Acute systolic heart failure
AST (SGOT),Asparate Aminotransferase
ATN,atubular necrosis
AV,atrio-ventricular
A-V,arteriovenous
AV Fistula,Arteriovenous Fistula
AVD,atrioventricular dissociation
AVI,automatic volume infusion pump
AVM,arteriovenous malformation
AVR,aortic valve replacement
AWOL,absence without leave
ax,axillary
AXT,alternating exotropia
B,bilateral or both
B.M.,bowel movement
BAL,blood alcohol level
bal. susp.,balanced suspension
BBB,bundle branch block
BBT,basal body temperature
BCLS,Basic Cardiac Life Support
BCP,birth control pill
BE.,barium enema
BF,breastfeeding
BFR,blood flow rate
BGM,blood glucose monitoring
bid,twice a day
BIH,bilateral inguinal herniorraphy
bili,bilirubin
BiPAP,Bilevel Positive Airway Pressure
BJ,body jacket
BK,below knee
BKA,below knee amputation
Bkfst,breakfast
BME,biomedical engineering
B-Med,Behavorial Medicine
BMI,body mass index
BMP,Basic metabolic panel
BMR,basal metabolic rate
BNP,B-type Natriuretic Peptide
BO,Bowel obstruction
BOC,biopsy of cervix
BP,blood pressure
BPD,Bronchopulmonary dysplasia
BPH,benign prostatic hypertrophy
BPM,beats per minute
BPP,biophysical profile
br,bathroom
BR,bedrest
brady,bradycardia
BRB,bright red blood
BRBPR,Bright Red Blood Per Rectum
brp,bathroom privileges
BRRB,bright red rectal bleeding
BS,bowel sounds
BSC,bed side commode
BSI,body substance isolation
BSO,bilateral salpingo-oophorectomy
BSS,balanced salt solution
BTBV,beat to beat variability
BTL,bilateral tubal ligation
BUN,blood urea nitrogen
BVT,bilateral ventilation tubes
"bx, Bx",biopsy
C,centigrade
C&DB,cough and deep breath
C&P,complete and pushing
C&P,crowning & pushing
C&S,culture and sensitivity
C.M.S.,"color, movement, sensation"
C.O.,cardiac output
C.S.S.,central supply service
C.T.,chest tube
C.T.P.,"color, temperature, pulse"
c/o,complaining of
"C/S,",consult
"C1, C2, C3, etc","cervical vertebra #1, #2, #3 etc"
Ca,Calcium
CA,Cancer
CABG,coronary artery bypass graft
CAD,coronary artery disease
CAGE (questions),"controlling, anger/annoyance, guilt, eye opener"
cal.,calorie
Cal. ct.,Calorie count
cap,capsule
CAP,Community Acquired Pnuemonia
CAPD,continuous ambulatory peritoneal dialysis
CAT scan,computerized axial tomography
cath,"catheterize, catheterization"
CAVP,continuous arterial venous pressure
CB,Carotid Bruit
CBC,complete blood count
CBD,common bile duct
CBDE,common bile duct exploration
CBG,capillary blood gas
CCE,"clubbing, cyanosis edema"
CCNU,lomustine
CCPD,continuous cycling peritoneal dialysis
CCRA,cardiac cath recovery area
CCU,coronary care unit
CD,chemical dependency
CDH,congenital dislocation hip
CDHF,Chronic diastolic heart failure
CDL,Circulatory Disorders Lab
CEA,carotid endarterectomy or carcinoembryonic disease
cerv,cervical
CF,cystic fibrosis
CHD,congenital heart disease
CHF,congestive heart failure
CHI,closed head injury
CHO,carbohydrate
Chol,Cholesterol
"Chole, chole",cholecystectomy
CI,cardiac index
CIB,Carnation Instant Breakfast
CIN,Contrast Induced Nephropathy
circ,circumcision
CIS,Computer Information System
CIWA,Clinical Intervention and Withdrawal Assessment
CKD,Chronic Kidney Disease
Cl,Chloride
CLL,chronic lymphocytic leukemia
cm,centimeter
CMC,carpo metacarpal
CMG,cystometrogram
cmp,cardiomyopathy
CMP,Comprehensive metabolic panel
CMS,Centers for Medicare & Medicaid Services
CMV,cytomegalovirus
CNS,central nervous system
CNSC,Certified Nutrition Support Clinician
CO2,Carbon dioxide
COC,cauterization of the cervix
compress,compression
cong.,congenital
cont,continue
COPD,chronic obstructive pulmonary disease
CORE,Center for Medicare & Medicaid Services
COWS,Clinical Opiate Withdrawal Scale
CPAP,Continuous Positive Airway Pressure
CPD,cephalic pelvic disproportion
CPK/CK,creatine phosphokinase
CPM,Continuous Passive Motion
CPPV,continuous positive pressure ventilation
CPR,Cardiopulmonary Resustitation
CPT,Chest Physiotherapy
CR,closed reduction
creat,creatinine
CRF,chronic renal failure
CRI,Chronic renal insufficiency
CRNA,Certified Registered Nurse Anesthetist
CRP,C-Reactive Protein
CRT,Cardiac Resynchronization Therapy
c-section,Cesarean Section
CSF,cerebrospinal Fluid
CSHF,chronic systolic heart failure
CST,contraction stress test
CT Scan,computerized axial tomography scan
CTA,Computerized Tomography Angiography
CTS,Carpal Tunnel Syndrome
CTSP,called to see patient
ctx,contraction
CV,controlled ventilation/cardiovascular
CVA,cerebrovascular accident
CVC,central venous catheter
CVP,central venous pressure
CVS,Cardiovascular System
Cx,Cancel
cx,cervix/cervical
CX,circumflex
CXR,chest x-ray
cysto/Cysto,cystoscopy
"D (T) D1 D2  D3 etc  T1, T2 ,T3  etc",corsal/thoracic vertebrae
D&C,dilatation and curettage
D&E,dilatation and evacuation
D.D.,delivery date
D.J.D.,degenerative joint disease
D.M.I.,diaphragmatic myocardial infarction
D.P.,dorsalis pedis
d/c,discharge
"D/C, disc",discontinue
D/G,double lumen groshong
D/I,dry and intact
D/O,disorder
d/t,Due/to
D/W,dextrose in water
d/w,Discussed With
D5W,dextrose (5%) IN WATER
DAT,diet as tolerated
DB&C,deep breathing and coughing
dbp,diastolic blood pressure
decel,deceleration
dept,department
DES,diethylstilbestrol
devt,"development, develop"
DFS,doppler flow studies
DIC,disseminated intravascular coagulation
dil,dilation
DIP,distal interphalangeal joint
"disch., D.C.",discharge
dissoc.,dissociation
dist.,distal
DKA,diabetic ketoacidosis
DLH,double lumen Hickman
DL-PICC,double lumen peripherally inserted central catheter
DLVC,double lumen vascular catheter
DM,Diabetes Mellitus
DM Type I,Diabetes Mellitus DM Type I
DM Type II,Diabetes Mellitus DM Type II
DMSO,dimethyl sulfoxide
DNI,Do Not Intubate
DNR,Do Not Resuscitate
DO,Doctor of Osteopathic Medicine
DOA,dead on arrival
DOB,date of birth
DOE,dyspnea on exertion/date of exam
DPAP,diastolic pulmonary artery pressure
DPT,diphtheria/pertussis/etanus
DR,delivery room
dsg,dressing
DT,diphtheria/tetanus
DTIC,Dacarbazine
DTR,deep tendon reflexes
DTs,delerium tremors
DUB,dysfunctional uterine bleeding
DVI,deep venous insufficiency
DVT,deep venous thrombosis
DW,distilled water
"dx, DX",diagnosis/diagnosis
Dz,Disease
E,enema
E. Coli,escherichia coli
E.D.,Erectile dysfunction
EBL,estimated blood loss
ECC,endocervical curettage
ECCE,extracapsular cataract extraction
ECG/EKG,electrocardiogram
ECHO,echocardiogram
ECMO,extracorporeal membrane oxygenation
ECRB,extensor carpi radialis brevis
ECRL,extensor carpi radialis longus
ECT,electroconvulsive therapy
ECV,extra cellular volume
ED,emergency department
EDC,expected date of confinement
EEG,electroencephalogram
EENT,"eyes, ears, nose, throat"
EF,ejection fraction
EFM,electronic fetal monitor
EFW,estimated fetal weight
EGA,estimated gestational age
EHL,extensor hallucis longus
elev.,elevated
Elix,elixir
EMG,electromyogram
EMM,expressed mother?s milk
EMR,Electronic medical record
EMS,Emergency Medical Services
EN,Enteral Nutrition
ENDO,Endoscopy
Enf,enfamil
ENT,"ears, nose, throat (otorhinolaryngology)"
EOG,electrooculogram
EOM,extraocular movement
eos,eosinophils
EP,Exercise Physiology
EPB,extensor pollicis brevis
EPEP,end positive expiratory pressure
EPL,extensor pollicis longus
EPS,electrophysiologic study
EPSE,extrapyramidal side effects
ER,emergency room
ERCP,endoscopic retrograde choledochopancreatography
ERG,electroretinogram
ES,electrical stimulation
ESBL,Extended Spectrum Beta-Lactamases
ESR,erythrocyte sedimentation rate
ESRD,end stage renal disease
est,estimated
ET,endotracheal
etc.,"etcetera, and so on"
ETOH,alcohol
ETT,endotracheal tube
EUA,examination under anesthesia
eval,evaluation
exer,exercise
exp,expansion
Expl,exploratory
ext,"extend, extension"
Ext,extremities
F,Fahrenheit
F&C,foam & condoms
f/u,follow-up
Fa,femoral artery
FA,Folic Acid
FAS,fetal alcohol syndrome
FB,foreign body
FBH,football hold
FBM,fetal breathing movements
FBS,fasting blood sugar
FCR,flexor carpi radialis
FCU,flexor carpi ulnaris
FD,"fetal demise, death"
FD,forceps delivery
fdg,feeding
Fdg Wt,Feeding weight
FDS,flexor digitorum sublimis
Fe,iron
FECO2,forced expiratory carbon dioxide
FEM/Fem/fem,femoral
Fevl,forced expiratory volume
FF,fundus firm
FF @ u/1,fundus firm at one finger breadth below umbilicus
FF@ u,fundus firm at umbilicus
FFP,fresh frozen plasma
FH,fundal height
FHR,fetal heart rate
FHT,fetal heart tones
FHx,family history
fib,fibrillation
FIM,functional independent measure
fl.,fluid
Fl02,fraction of inspired oxygen
flex,flexion
flex sig,flexible sigmoid
FM,fetal movement
FMC,fetal movement chart
FME,full mouth extraction
FNA,fine needle aspiration
FOB,foot of bed
font,Fontanelle
FP,flat plate
"F-P, fem pop",femoral-popliteal
FPL,flexor pollicis longus
Fr,French (such as French Catheter)
FR,Friction Rub
FROM,full range of motion
FS,Flow Sheet
FT,flexor tendon
ft,foot
FTI,free testosterone index
FTN,finger to nose
FTT,failure to thrive
func,function
FUO,fever of unknown origin
FVC,forced vital capacity
FWB,full weight bearing
"Fx , fx",fracture
G,gravida
g=g,grips equal and good
G6PD,glucose-6-phosphate dehydrogenase
GA,gestational age
gal.,gallon
GB,gallbladder
GC,"gonorrhea, gonococcus"
GCS,Glasgow Coma Scale
GDM,gestational diabetes mellitus
GE,gastroesophageal
GEA/GETA,general endotrachael anesthesia
gen,general
GERD,Gastroesophageal reflux disease
GFR,glomerular filtration rate
GGT,gamma glutamyl transferase
GGTP,gamma gluteryl transpeptidase
Gh,glenohumeral
GH,Growth Hormone or HGH Human Growth
GI,gastrointestinal
Glu,glucose
gm,gram
gr,grain
grav,gravida
GSW,gun shot wound
GT,gait training
gtt,drop
GTT,glucose tolerance test
GU,genitourinary
GXT,graded exercise test
GYN,gynecology
H,hypodermic
H&H,hemoglobin and hematocrit
H&P,history and physical
h.,hour
H20,water
HA,headache
Ham,hamstrings
HB,head box
"Hb, Hgb",hemoglogin
HBAg,hepatitis B antigen
H-BIG,hepatitis B immune globulin
HBP,high blood pressure
hc,head circumference
HC,hydrocortisone
HCAP,Healthcare Associated Pnuemonia
HCG,human chorionic gonadotrophin
HCL,hard contact lens
HCl,hydrochloridic acid
HCM,hypertrophic cardiomyopathy
HCO3,Bicarbonate
HCP,health care provider
Hct,hematocrit
HCTZ,hydrochlorothiazide
HD,hemodialysis
HDL,High Density Lipoprotein
HDT,home dialysis training
HEENT,"head, eyes, ears, nose and throat"
HELLP,"hemolysis, elevated liver enzymes, low platelets"
HEMO,Hematology
HEP,home exercise program
Hep B,Hepatitis B
Hep C,Hepatitis C
HF,heart failure
HgbA1c or A1c,Glycosylated Hemoglobin
HH,Hiatal hernia
HHNK,hyperglycemic hyperosmolar nonketotic (syndrome)
Hib,Haemophilus
HIC,Health Information Center
High RA,high right atrium
HIM,Health Information Management
HIPAA,Health Insurance Portability and Accountability Act
HIT,Heparin- Induced Thrombocytopenia
HIV,Human Immunodeficiency Virus
HJR,hepato jugular reflux
HL,heparin lock
HM,hand movement
HMD,hyaline membrane disease
HNP,herniated nucleus pulposus
HOB,head of bed
HOH,hard of hearing
HP,hot packs
hpf,high power field
HPI,history of present illness
HPV,Human Papillomavirus
HR,heart rate
hr,hour
hs,hour of sleep or bedtime
HSG,hysterosalpingogram
HSM,hepatosplenomegaly
HSV,herpes simplex virus
ht,height
HT,hubbard tank
HTLV,Human T-cell Lymphotropic Virus
HTN,hypertension
HUS,Hemolytic-Uremic Syndrome
hx,history
Hx/O,history of
hz,hertz
I&D,incision and drainage
I&O,intake and output
I-125,Iodine 125
I-131,Iodine 131
IABC,intraaortic balloon counterpulsation
IABP,intraaortic balloon pressure
IABP,intra-aortic balloon pump
IBC,iron binding capacity
IBS,Irritable bowel syndrome
IBW,ideal body weight
ICA,internal carotid artery.
ICCE,intracapsular cataract extraction
ICD,Internal Cardiac Defibrillator
ICH,Intracerebral hemmorhage
ICLH,Imperial College London Hospital
ICMP,Ischemic Cardiomyopathy
ICP,intracranial pressure
ICU,intensive care unit
ID,Infectious Disease
IDM,infant of diabetic mother
IDU,Idouridizine
IFC,interferential current
IHSS,idiopathic hypertrophic subaortic stenosis
IJ,internal jugular
"IM, im",intramuscular
IMA (L/R),internal mammary artery-left/right
"IMP, Imp",impression
IMV,intermittent mandatory ventilation
inf.,inferior
Info,information
ing,Inguinal
INH,Isoniazid
inj,injury
INR,International Normalized Ratio
INSP,Inspiratory
INT,intermittent
inter,intermittently
IOL,intraocular lens
IP,interphalangeal
IPAP,inspired positive airway pressure
IPD,intermittent peritoneal dialysis
IPG,impedance plethysmography
IPOC,Interdisciplinary Plan of Care
IPPB,Intermittent Positive Pressure Breathing
IPV,Intrapulmonary Percusive Ventilation
IR,internal rotation
IS,incentive spirometry
ISE,internal spiral electrode
isol,isolation
IT,intrathecal
ITP,Idiopathic Thrombocytopenic Purpura
IUD,intrauterine device
IUFD,"intrauterine fetal demise, death"
IUGR,intrauterine growth retardation
IUP,intrauterine pregnancy
IUPC,intrauterine pressure catheter
IV,intravenous
IVC,inferior vena cava
IVF,intravenous feeding
IVH,intraventricular hemorrhage
IVHA,intravenous hyperalimentation
IVIG,Intravenous Immunoglobin
IVP,intravenous pyelogram
J,Jejunal or Jejunum
JL,Judkins left (catheter)
JL4,Judkins left #4 curve catheter
JP,Jackson-Pratt drain
JR,junctional rhythm
JR4,Judkins right #4 curve catheter
Jt,joint
JVD,jugular venous distention
K.J.,knee jerk
K+,potassium
KA,ketoacidosis
KC,knee chest
KC1,potassium chloride
Kcal,kilocalories
KDU,kidney dialysis unit
kg,kilogram
KPC,Klebsiella Pneumonia Carbapenemase
KUB,"kidney, ureters, bladder"
L,Left
l & w,living and well
L Cx,left circumflex
L&D,labor and delivery
L.M.P.,last menstrual period
L/Min L/m,liters per minute
L/S ratio,lecithin to sphingomyelin ratio
"L1, L2, etc",lumbar vertebra
La,Lactic Acidosis
LA,left atrium
lab,laboratory
lac,laceration
LAC,left anticubital
LAD,left anterior descending
LADD,diagonal branch of the left anterior
LAE,left atrial enlargement
LAFa,left anterior forearm
LAFB,left anterior fascicular block
lat,lateral
LAVH,laparoscopic assisted vaginal hysterectomy
LB,lower body
lb.,pound
LBBB,left bundle branch block
LBP,low back pain
LBW,low birth weight
LCD,liquor carbonis detergens
LCL,lateral collateral ligament
LDH,lactic dehydrogenase
LDL,Low density Lipoprotein
LDR,"labor, delivery, recovery"
LE,lower extremity
LEEP,loop electro surgical excision procedure
LFT,liver function test
LGA,large for gestational age
LH,left hand
LHC,Left Heart Catherization
LIMA,left internal mammary artery
liq,liquid
LL,left lateral
LLB,long leg brace
LLC,long leg cast
LLETZ,large loop excision of transformation zone
LLFa,left lateral forearm
LLL,left lower lobe
LLW,left lower wrist
LMA,left medial ankle
LMCA,left main coronary artery
LMFa,left medial forearm
LML,left mediolateral
LMW,left medial wrist
LNMP,last normal menstrual period
LOA,leave of absence
LOC,level of consciousness
LOM,limitation of motion
LOS,Length of stay
LP,lumbar puncture
LPcP,light perception with projection
LPFB,left posterior fascicular block
LPN,licensed practical nurse
LSC,left subclavian
LSO,left salpingo-oophorectomy
LT,left tilt
LTC,low transverse cervical (C/S)
LTV,long term variability
LUA,left upper arm
LUL,left upper lobe
LUQ,left upper quadrant
LV,left ventricle/ventricular
LVEF,left ventricular ejection fraction
LVF,left ventricular function
LVG,left ventriculogram
LVH,left ventricular hypertrophy
LWS,low wall suction
LXT,exotropia (left)
lytes,electrolytes
m,meter
m,meter
M,murmur
M/S,Muscoskeletal
mA,milliampere
MAC,monitored anesthesia care
MAE,moving all extremities
mand,"mandible, mandibular"
MAO,Monoamine Oxidase Inhibitors
MAP,mean arterial pressure
MAR,medication administration record
max,"maxilla, maxillary"
MCA,motor cycle accident
MCC,Motorcycle Collision
mcg.,microgram
MCH,mean corpuscular hemoglobin
MCHC,mean corpuscular hemoglobin concentration
MCL,medial collateral ligament
MCP,metacarpal phalangeal
MCV,mean corpuscular volume
MD,medical doctor
Mdd,Major depressive disorder
mdi,manic depressive illness
MDI,Metered Dose Inhaler
ME,medical examiner
med,medial
Med,medicine
meds,medicines
mEq,milliequivalent
MET,Medical Emergency Team
MF,mid forceps
"mg.,",milligram
MHR,maternal heart rate
MHR,maximum heart rate
MI,myocardial infarction
MICU,Medical Intensive Care Unit
Min,minute
MIVF,maintenance intravenous fluid
ML,medication lock
ML,midline (episiotomy)
ml,milliliter
MLC,multi lumen catheter
mm,millimeter
MMK,Marshall Marchetti Krantz
mMol,millimoles
MMPI,Minnesota Multiphasic Personality Inventory
MMR,"measles, mumps, rubella vaccine"
MMT,manual muscle test
MN,Midnight
mod,moderate
MOM,milk of magnesia
MP,metacarpal phalangeal joint
MPAP,mean pulmonary artery pressure
MR,mitral regurgitation
MRCP,Medical Resonance Cholagiopancreatography
MRI,Medical Resonance Imaging
MRSA,Methicillin resistant Staphylococcus aureus
MS,mitral stenosis
MS,multiple sclerosis
MSE,mental status examination
MSG,massage / monosodium glutumate
MSOF,multi system organ failure
MSR,motor sensory reflex
mult,multiple
mv,millivolt
mv.,movement
MVA,motor vehicle accident
MVC,Motor vehicle collison
MVI,multivitamin injection
MVR,mitral valve replacement
MVV,maximum ventilatory volume
N or nl,normal
N/A,not applicable
NA,Narcotics Anonymous
NA,nurses? aide
Na+,sodium
NABS,normal active bowel sounds
NAD,no acute distress
NAT,Non-Accidental Trauma
navic,navicular
NB,newborn
NBN,newborn nursery
NC,nasal cannula
NCAT,"normocephalic, atraumatic"
NCS,Non-concentrated Sweets
NE,neurological examination
NEC,necrotizing enterocolitis
NED,no evidence of disease
neg,negative
NER,no evidence of recurrence
NG,nasogastric
NGR,nasogastric replacement
NGT,nasogastric tube
NH3,Ammonia
NI,non immune
NICMP,Nonischemic cadiomyopathy
NICU,newborn intensive care unit
NIF,negative inspiratory force
NIPVL,non-invasive peripheral vascular laboratory
NKA,no known allergies
NKDA,no known drug allergies
NKFA,no known food allergies
NL,needle localized
NM,non monitored
NMS,neuroleptic malignant syndrome
Norm,Normal
NOS,Not-otherwise specified
NP,nasopharyngeal
NPC,Non-protein Calories
NPO,nothing by mouth
NQMI,non Q wave myocardial infarction
NR,non reactive
NR-NST,non-reactive non-stress test
NS,normal saline
NSAID,nonsteroidal antiinflammatory drug
NSC,Nutrition Support Committee
NSD,normal spontaneous delivery
Nsg,Nursing
NSICU,neurosciences intensive care unit
NSR,normal sinus rhythm
NST,non-stress test
NSTEMI,Non-ST Elevation Myocardial Infarction
NSVD,normal spontaneous vaginal delivery
NT,non tender
NTB,neural tube defect
NTG,Nitroglycerine
Nutr,Nutrition
nv,visual acuity for near
"NV, n/v",nausea and vomiting
NVT,neurovascular and tendon
NW,nursed well
NWB,non weight bearing
O,oral
"O and P, O&P",ova and parasites
O2,oxygen
O2 sat,oxygen saturation
OA,"osteoarthritis, osteoarthrosis"
OB,obstetrics
OB+,occult blood positive
OBS,organic brain syndrome
OBUS,obstetrical ultrasound
OC?S,oral contraceptives
occ,occasionally
OCT,oxytocin challenge test
OD,right eye
OG,orogastric
OGT,orogastric tube
OJ,orange juice
OMB,obtuse marginal branch
OOB,out of bed
OOR,out of room
OP,Outpatient
OPD,outpatient department
OPG,oculoplethysmography
OPIVT,outpatient intravenous therapy
OPV,oral polio vaccine
OR,operating room
ORIF,"open reduction, internal fixation"
Ortho,orthopedics
OS,left eye
os,mouth
OSA,Obstructive Sleep Apnea
OT,occupational therapy
OU,both eyes
oz,Ounce
P,pulse
P&A,percussion & auscultation
p=r,pupils equal and reactive
P2,pulmonary component of second sound
PA,Physician?s Assistant
pa,pulmonary artery
PAC,patient access center
PAC,premature atrial contraction
PACU,post anesthesia care unit
PACW,pulmonary artery capillary wedge
PADP,pulmonary artery diastolic pressure
PAL,peripheral arterial line
palp,palpable
PALS,Pediatric Advance Life Support
Pap,papanicolaou (smear)
PAR,paraffin
para,paraplegic
"Para I, II, etc.",having born one child etc.
PAS,para aminosalicylic acid
pat,paroxysmal atrial tachycardia
PAT,preadmission testing
"path, Path",pathology
PAW,pulmonary airway pressure
PAWP,pulmonary artery wedge pressure
PB,pudendal block or peripheral blood
pc,after food (post cibum)
PC,packed cells
PCA,patient controlled analgesia
PCCR,post cardiac cath recovery
PCCU,post cardiac cath unit
PCKD,Polycystic Kidney Disease
PCL,posterior cruciate ligament
PCN,penicillin
PCO2,partial pressure of CO2
PCOS,Polycystic Ovary Syndrome
PCP,Primary Care Provider
PCWP,pulmonary capillary wedge pressure
PD,peritoneal dialysis
PD&P,postural drainage and percussion
PDA,patent ductus arteriosus
PE,physical examination
pe,pulmonary embolus
PEA,Pulseless Electrical Activity
Peds,pediatrics
PEEP,positive end expiratory pressure
peg,Percutaneous Endoscopy Gastrostomy
PEG,pneumoencephalogram
PEJ,Percutaneous Endoscopy Jejunostomy
peron,peroneal
PERRLA,"pupils equal, round, reactive to light and accommodate"
PF,plasmapheresis
PFC,permanent flexure contractur
PFO,Patent Foramen Ovale
PFT,pulmonary function test
PG,phosphatidylglycerol
pH,logarithm of reciprocal of hydrogen ion
"PH, PHx",past history
PharmD,Doctor of Pharmacy
PHI,Protected Health Information
phni,pinhole no improvement
PHP,partial hospitalization program
PI,present illness
PICC,peripherally inserted central catheter
PICU,pediatric intensive care unit
PID,pelvic inflammatory disease
PIG,pigtail catheter
PIH,pregnancy induced hypertension
PIP,peak inspiratory pressure
PIP,proximal interphalangeal
PIV,peripheral intravenous
PKU,phenylketonuria
PL,palmaris longus
PLL,postero-lateral left
PM,afternoon
PMH,past medical history
PMI,point of maximum impulse
PNA,pneumonia
PNF,propioceptive neuromuscular facilitation
PNV,prenatal vitamins
po,by mouth (per os)
PO2,partial pressure of oxygen
POCT,Point of Care Testing
POD,post operative day
PONV,Post-operative nausea & vomiting
Port.,portable
POST,Physician Orders for Scope of Treatment (r/t Advance Medical Directives)
post,"posterior, after"
post op,post operative
PP,post partum
PP1,"post partum day l, etc."
PPD,Tuberculin Purified Protein Derivative
PPE,personal protective equipment
PPH,primary pulmonary hypertension
PPHN,persistent pulmonary hypertension of the newborn
PPN,peripheral parenteral nutrition
PPPROM,Prolonged Preterm Premature Rupture of Membranes
PPROM,preterm premature rupture of membranes
PPS,postpartum sterilization
PPT,Partial Prothombin Time
PR,pulmonic regurgitation
PRBC,packed red blood cells
PRC,packed red cells
PRE,progressive resistive exercises
pre-op,preoperative
prep,preparation
PRIT,posterior resection of inferior turbinates
PRN,as needed (pro re note)
prob,"probable, probably"
procto,proctosigmoidoscopy
PROM,passive range of motion
PRON,pronation
prox,proximal
PRVC,Pressure Regulated Volume Control
PS,pulmonic stenosis
PSA,Prostrate Specific Antigen
PSCU,pediatric special care unit
Pt,patient
PT,physical therapy
pt,Prothombin Time
PTA,prior to admission
PTB,patellar tendon bearing
PTCA,percutaneous transluminal coronary angioplasty
PTE,pulmonary thromboembolism
PTL,preterm labor
PTL,pre-term labor
PTX,Pnuemothorax
PUD,peptic ulcer disease
PVC,premature ventricular contraction
PVD,peripheral vascular disease
PVR,pulmonary vascular resistance
PWB,partial weight bearing
q,every
q.s.,a sufficient quantity
q2hr etc,every two hours etc
QB,bloodflow
qhr,every hour
qid,four times per day
QMP,Qualified Medical Practitioner
qns,quantity not sufficient
QS/QS,intrapulmonary shunting
qt.,quart
quad,quadriceps
QUAD,Quadriplegic
R,right
R.B.C.,red blood cells
R.D.S.,respiratory distress syndrome
R.M.L.,right middle lobe
R/O,"rule out, ruled out"
RA,right atrium
RA.,rheumatoid arthritis
RAC,right antecubital
rad.,radical
RAE,right atrial enlargement
RAFa,right anterior forearm
RAM,rapid alternating movements
RB,Read Back
rb,right bundle
RBBB,right bundle branch block
RCA,right coronary artery
RED.,"redness, edema, drainage"
Ref,refused
regurg/Regurg,regurgitation
REM,rapid eye movements
reps.,repetitions
Resp,"respiratory, respirations"
RET,esotrophia (right)
retics,reticulocytes
RFt,right foot
Rh,Rhesus
RH,right hand
RHD,rheumatic heart disease
RL,right lateral
RLFa,right lateral forearm
RLL,right lower lobe
RLQ,right lower quadrant
RLW,right lateral wrist
RMA,right medial ankle
RMFa,right medial forearm
RML,right mediolateral
RN,registered nurse
RNC,registered nurse certified
RND,radical neck dissection
RNST,reactive non stress test
ROM,range of motion
ROP,retinopathy of prematurity
ROS,review of systems
RPP,rate pressure product
RR,recovery room
RRR,regular rate and rhythm
RSC,right subclavian
RSO,right salpingo oophorectomy
RSV,respiratory syncytial virus
RT,radiation therapy
RTC,return to clinic
RTUS,routine ultrasound
RUA,right upper arm
RUL,right upper lobe
Rupt OM,rupture of membranes
RUQ,right upper quadrant
RV,right ventricle/venticular
R-V,rectovaginal
RVF,right ventricular function
RVH,right ventricular hypertrophy
RVM,right ventricular mean
RVR,Rapid Ventricular Response
Rx,"prescription, treatment"
Rxn,reaction
RXT,exotropia (right)
RYGB,Roux-en-y Gastic Bypass
S,sacral
S/A,sugar and acetone
S/P,status post
S/S,signs & symptoms
s/w,somewhat
S1,lst heart sound
S2,2nd heart sound
S3,3rd heart sound
S4,4th heart sound
sa,semen analysis
SA,sinus arrhythmia
S-A,sino-atrial
SAC,short arm cast
SAH,subarachnoid hemorrhage
SAQ,short arc quads
sat,"saturate, saturation"
SB,sinus bradycardia
sb,small bowel
SBFT,small bowel follow through
SBK,spinnbarkeit
SBO,small bowel obstruction
sbp,Spontaneous bacterial peritonitis
SBP,systolic blood pressure
sc,subclavian
SCD,sequential compression device
SCI,spinal cord injury
SCL,soft contact lens
scol,scoliosis
SDAT,senile dementia-Alzheimer?s type
SDH,Subdural Hematoma
sec,second
SEM,systolic ejection murmur
SEMI,subendocardial myocardial infarction
SF,serum ferritin
SFe,Serum Iron
SGA,small for gestational age
SGOT,serum glutamic oxaloaetic transaminase
SGPT,serum glutamic pyruvate transaminase
SH,social history
SHI,standard heparin infusion
SHP,Hyperparathyroidis
Si,Suicidal Idiation
SICU,surgical intensive care unit
SIDS,sudden infant death syndrome
sim,Similar and simplated
SIMD,Substance-Induced Mood Disorder
SIMV,synchronized I.M.V.
SIVP,slow intravenous push
sl,slight
SL,sublingual
SLB,short leg brace
SLE,systemic lupus erythematosus
SLH,single lumen Hickman
SLR,straight leg raise
SMR,submucous /resection
SOB,short of breath
sol,solution
Sp,sphere
Sp gr,specific gravity
SPAP,systolic pulmonary artery pressure
spec,specimen
sq,squamous
SQ/SC,subcutaneous
SR,sinus rhythm
SROM,spontaneous rupture of membranes
SSE,soap suds enema
SSKI,saturated solution of potassium iodide
SSRI,Selective Serotonin Reuptake Inhibitor
SSS,short stay surgery
ST,sinus tachycardia
st,straight
STAT,immediately
STD/STI,sexually transmitted disease
ster,sterile
STICU,Surgical Trauma Intensive Care Unit
STSG,split thickness skin graft
STV,short term variability
subling,sublinqual
sup,supination
SVC,superior vena cava
SVD,spontaneous vaginal delivery
SVR,systemic vascular resistance
SVT,supraventricular tachycardia
SWD,short wave disthermy
sx,symptoms
Sz,Seizure
T,temperature
T Air,airpuff tonometry
T App,applanation tonometry
T&A,tonsillectomy & adenoidectomy
T&C,type and cross
T&H,type and hold
T3RIA,triiodothyronine by radioimmunoassay
T3RU,triiodothyronine by resin uptake
T4,thyroxine
tab,tablet
tachy,tachycardia
TAH,total abdominal hysterectomy
TAR,total ankle replacement
TAT,tetanus antitoxin
TB,tuberculosis
TBI,Traumatic Brain Injury
TBP,thrombophlebitis
TCA,tricyclic antidepressants
TCH,"turn, cough, hyperinflate"
TCN,tetracycline
Tdap or DPT,Tetanus Diptheria Pertussis Vaccine
TDWB,touch down weight bearing
TED,Thrombo Embolic Deterrent
TEE,transesophageal echocardiogram
TEF,tracheoesophageal fistula
TENS,transcutaneous electrical nerve stimulation
Testost,testosterone
TF,tube feeding
THA,Total Hip Arthroplasty
THR,total hip replacement
TIA,transient ischemic attacks
Tib,tibial
TIBC,total iron binding capacity
tid,three times a day
TJC,The Joint Commission
TKE,terminal knee extension
TKR,total knee replacement
Tl,thallium
TLC,tender loving care
TM,tympanic membrane
TMJ,temporalmandibular joint
TMP,total membrane pressure
TMT,treadmill test
TNBP,transurethral needle biopsy of prostate
TNF,Tumor Necrosis Factor
TNM,Tumor Nodes Metastosis
TNS,transcutaneous nerve stimulation
TO,telephone order
tol,tolerate
TORCH,"toxoplasmosis, rebella, cytomegalovirus, herpes"
TORP,total ossicles replacement
tPA,Tissue Plasminogen Activator
TPE,total plasma exchange
TPN,total parenteral nutrition
TPR,"temperature, pulse, respirations"
tr,trace
TR,tricuspid regurgitation
trach,tracheostomy
TRALI,Transfusion Related Acute Lung Injury
TRF,total fluid removed
TRH,thyroid releasing hormone
Trig,Triglyceride
TS,tricuspid stenosis
TSH,thyroid stimulating hormone
TT,tetanus toxoid
TT,tilt table
TTP,thrombotic thrombocytopenic purpura
TUR,transurethral resection
TURP,transuretheral resection of prostate
TVH,total vaginal hysterectomy
TVol,Total Volume
TVol,Total volume
TWE,tap water enema
Tx,Transplant
TX,treatment
U/A,urinalysis
u/o,urine output
U/P,uretero pelvic
UA,umbilical artery
UAC,umbilical artery catheter
UAP,unstable angina pectoris
UC,uterine contraction
UF,ultrafiltration
UFR,ultrafiltration rate
UGI,upper gastrointestinal
ul,ulnar
Uls,ultrasound
UPJ,uretero pelvic junction
URI,upper respiratory infection
Urol,urology
usa,unstable angina
UTD,up to date
UTI,urinary tract infection
UV,umbilical vein
UVC,umbilical venous catheter
UVJ,uretero vesicle junction
V,vision
V tach,ventricular tachycardia
vag,vaginal
VAS,vibroacoustic stimulator
VB,vaginal bleeding
VBAC,vaginal birth after cesarean
VBG,Venous Blood Gas
VC,vascular catheter
vc,vital capacity
VCOE,Vascular Center of Excllence
VD,venereal disease
VE,vaginal exam
vent,ventilate
VEP,visually evoked potential
VER,visual evoked response
VF,ventricular fibrillation
VF,visual field
V-Fib,ventricular fibrillation
vib,vibratory sense
VIP,voluntary interruption of pregnancy
vit,vitamin
VLBW,Very low birth weight
VLDL,Very Low Density Lipoprotein
VO,verbal order
Vol,volume
vol,volume
VP,venous pressure
VP Shunt,ventricular peritoneal shunt
VPC,ventricular premature contraction
VRE,Vancomycin resistant Enterococcus
vs,versus
VS,vital signs
VSD,ventricular septal defect
Vsl,vessel
VSS,vital signs stable
VT,ventricular tachycardia
vtx,vertex
W,white
w/,with
w/c,wheelchair
W/D,withdrawal
w/f,white female
w/m,white male
w/o,without
W/U,Work-up
WAP,wandering atrial pacer
WB,weight bearing
WBAT,weight bearing as tolerated
WBC,white blood count
WD,well developed
WF,waveforms
WH,well hydrated
WIC,"women, infants, children"
WN,well nourished
WNL,within normal limits
wt,weight
xfer,transfer
x-ray,radiology
yo,year old
yr,year
Zn,Zinc
